{"Accepted":{"x":-808.1477461178954,"y":-531.318407960199},"Closed":{"x":440.48922056384754,"y":-84.54560530679937},"Draft":{"x":-1208.7728026533998,"y":-606.3548922056385},"PRE Deployment":{"x":-423.51605608322006,"y":-429.78275290215583},"PRO Deployment":{"x":395.2274988692899,"y":-154.25026383235345},"Rejected":{"x":-167.4394693200663,"y":-553.6666666666667},"Shakedown":{"x":-25.033167495854173,"y":-321.1293532338308},"Test Finished PRE":{"x":116.66334991708119,"y":-282.82587064676613},"Testing":{"x":-234.42755917382775,"y":-382.26609377355646},"Waiting Accept":{"x":-1004.6235489220563,"y":-577.7777777777777},"Waiting Information":{"x":-523.1525704809286,"y":-607.1144278606965},"Waiting PRE Committee":{"x":-629.3027287803405,"y":-480.7247097844113},"Waiting PRO Committee":{"x":256.1426202321726,"y":-224.13598673300163}}