{
    "nodeA":{"x":-678,"y":-390},
    "nodeB":{"x":-244.45454545454552,"y":-386},
    "nodeC":{"x":-911,"y":-474},
    "nodeD":{"x":123,"y":-220},
    "nodeE":{"x":-391.9090909090908,"y":-136},
    "nodeF":{"x":-576.0909090909091,"y":-71.54545454545458},
    "nodeG":{"x":-63,"y":-403},
    "nodeH":{"x":-96,"y":-191},
    "nodeI":{"x":-725.1818181818181,"y":-293.18181818181813},
    "nodeJ":{"x":-205,"y":-562},
    "nodeK":{"x":-802.0909090909091,"y":-192.27272727272725},
    "nodeL":{"x":-651,"y":-569},
    "nodeM":{"x":50,"y":-523},
    "nodeN":{"x":-542.7272727272726,"y":-132.99999999999994}
}
